{
  "EventsInformation": [
    {
      "id": 1,
      "eventName": "AQARI",
      "Date": "1 - 4 October",
      "Location": "Cairo International Convention Center",
      "Oraganization": "AHRAM"
    },
    {
      "id": 2,
      "eventName": "CITYSCAPE EGYPT",
      "Date": "1 - 4 October",
      "Location": "Cairo International Convention Center",
      "Oraganization": "INFORMA"
    },
    {
      "id": 3,
      "eventName": "METAL & STEAL",
      "Date": "1 - 4 October",
      "Location": "Cairo International Convention Center",
      "Oraganization": "AG"
    },
    {
      "id": 4,
      "eventName": "Dell Technology",
      "Date": "1 - 4 October",
      "Location": "Cairo International Convention Center",
      "Oraganization": "Dell"
    },
    {
      "id": 5,
      "eventName": "Google",
      "Date": "1 - 4 October",
      "Location": "Cairo International Convention Center",
      "Oraganization": "Google"
    },
    {
      "eventName": "Huawei",
      "Date": "1 - 3 Jan",
      "Location": "Cairo International Convention Center",
      "Oraganization": "Huawei",
      "id": 6
    },
    {
      "eventName": "Samsung",
      "Date": "11 - 16 July",
      "Location": "Cairo International Convention Center",
      "Oraganization": "Samsung",
      "id": 7
    },
    {
      "eventName": "Asus",
      "Date": "12 - 14 July",
      "Location": "Cairo International Convention Center",
      "Oraganization": "Asus",
      "id": 8
    },
    {
      "eventName": "Amazon",
      "Date": "12 - 14 Augusta",
      "Location": "Cairo International Convention Center",
      "Oraganization": "Amazon",
      "id": 9
    }
  ]
}
